{"step": 9999, "_timestamp": 1685478439.794865, "_runtime": 12.958853006362915, "_step": 9999, "_wandb": {"runtime": 12}}