{"forward_start": 999, "_timestamp": 1685477947.123893, "_runtime": 5.135740041732788, "_step": 1999, "forward_end": 999, "_wandb": {"runtime": 4}}