{"forward_start": 999, "_timestamp": 1685478287.6600919, "_runtime": 5.629552841186523, "_step": 1999, "forward_end": 999, "_wandb": {"runtime": 5}}