{"forward_start": 999, "_timestamp": 1685478038.283087, "_runtime": 5.266953945159912, "_step": 1999, "forward_end": 999, "_wandb": {"runtime": 4}}